Workbook

Sheet Confidence_Score
A1: ID_Abstrak | B1: AI-Generate | C1: AI-Rewrite | D1: AI-Paraphrase
A2: 1 | B2: =VLOOKUP(A2,'conf-generate'!A$2:B$1001,2,FALSE) -> 91.8 | C2: =VLOOKUP(A2,'conf-rewrite'!A$2:B$1001,2,FALSE) -> 91.8 | D2: =VLOOKUP(A2,'conf-paraphrase'!A$2:B$1001,2,FALSE) -> 88
A3: 2 | B3: =VLOOKUP(A3,'conf-generate'!A$2:B$1001,2,FALSE) -> 78.33 | C3: =VLOOKUP(A3,'conf-rewrite'!A$2:B$1001,2,FALSE) -> 25.8 | D3: =VLOOKUP(A3,'conf-paraphrase'!A$2:B$1001,2,FALSE) -> 30.43
A4: 3 | B4: =VLOOKUP(A4,'conf-generate'!A$2:B$1001,2,FALSE) -> 92 | C4: =VLOOKUP(A4,'conf-rewrite'!A$2:B$1001,2,FALSE) -> 62.3 | D4: =VLOOKUP(A4,'conf-paraphrase'!A$2:B$1001,2,FALSE) -> 86.3
A5: 5 | B5: =VLOOKUP(A5,'conf-generate'!A$2:B$1001,2,FALSE) -> 94.8 | C5: =VLOOKUP(A5,'conf-rewrite'!A$2:B$1001,2,FALSE) -> 29 | D5: =VLOOKUP(A5,'conf-paraphrase'!A$2:B$1001,2,FALSE) -> 14.19
A6: 6 | B6: =VLOOKUP(A6,'conf-generate'!A$2:B$1001,2,FALSE) -> 95.7 | C6: =VLOOKUP(A6,'conf-rewrite'!A$2:B$1001,2,FALSE) -> 81.4 | D6: =VLOOKUP(A6,'conf-paraphrase'!A$2:B$1001,2,FALSE) -> 92
A7: 7 | B7: =VLOOKUP(A7,'conf-generate'!A$2:B$1001,2,FALSE) -> 92 | C7: =VLOOKUP(A7,'conf-rewrite'!A$2:B$1001,2,FALSE) -> 88 | D7: =VLOOKUP(A7,'conf-paraphrase'!A$2:B$1001,2,FALSE) -> 54.4
A8: 8 | B8: =VLOOKUP(A8,'conf-generate'!A$2:B$1001,2,FALSE) -> 92 | C8: =VLOOKUP(A8,'conf-rewrite'!A$2:B$1001,2,FALSE) -> 85 | D8: =VLOOKUP(A8,'conf-paraphrase'!A$2:B$1001,2,FALSE) -> 22.31
A9: 9 | B9: =VLOOKUP(A9,'conf-generate'!A$2:B$1001,2,FALSE) -> 89.5 | C9: =VLOOKUP(A9,'conf-rewrite'!A$2:B$1001,2,FALSE) -> 22.13 | D9: =VLOOKUP(A9,'conf-paraphrase'!A$2:B$1001,2,FALSE) -> 12.9
A10: 10 | B10: =VLOOKUP(A10,'conf-generate'!A$2:B$1001,2,FALSE) -> 97.9 | C10: =VLOOKUP(A10,'conf-rewrite'!A$2:B$1001,2,FALSE) -> 86.4 | D10: =VLOOKUP(A10,'conf-paraphrase'!A$2:B$1001,2,FALSE) -> 82
A11: 11 | B11: =VLOOKUP(A11,'conf-generate'!A$2:B$1001,2,FALSE) -> 93.8 | C11: =VLOOKUP(A11,'conf-rewrite'!A$2:B$1001,2,FALSE) -> 48.9 | D11: =VLOOKUP(A11,'conf-paraphrase'!A$2:B$1001,2,FALSE) -> 22.66
A12: 12 | B12: =VLOOKUP(A12,'conf-generate'!A$2:B$1001,2,FALSE) -> 97.2 | C12: =VLOOKUP(A12,'conf-rewrite'!A$2:B$1001,2,FALSE) -> 27.9 | D12: =VLOOKUP(A12,'conf-paraphrase'!A$2:B$1001,2,FALSE) -> 5.2
A13: 14 | B13: =VLOOKUP(A13,'conf-generate'!A$2:B$1001,2,FALSE) -> 92 | C13: =VLOOKUP(A13,'conf-rewrite'!A$2:B$1001,2,FALSE) -> 92 | D13: =VLOOKUP(A13,'conf-paraphrase'!A$2:B$1001,2,FALSE) -> 87.8
... A1001: 1152 | B1001: =VLOOKUP(A1001,'conf-generate'!A$2:B$1001,2,FALSE) -> 96 | C1001: =VLOOKUP(A1001,'conf-rewrite'!A$2:B$1001,2,FALSE) -> 86.4 | D1001: =VLOOKUP(A1001,'conf-paraphrase'!A$2:B$1001,2,FALSE) -> 89.5
A1002: 2001 | B1002: =VLOOKUP(A1002,'conf-non-zai'!A$2:B$1001,2,FALSE) -> 11.2 | C1002: =VLOOKUP(A1002,'conf-non-zai'!A$2:B$1001,2,FALSE) -> 11.2 | D1002: =VLOOKUP(A1002,'conf-non-zai'!A2:B1001,2,FALSE) -> 11.2
A1003: 2002 | B1003: =VLOOKUP(A1003,'conf-non-zai'!A$2:B$1001,2,FALSE) -> 6 | C1003: =VLOOKUP(A1003,'conf-non-zai'!A$2:B$1001,2,FALSE) -> 6 | D1003: =VLOOKUP(A1003,'conf-non-zai'!A3:B1002,2,FALSE) -> 6
A1004: 2003 | B1004: =VLOOKUP(A1004,'conf-non-zai'!A$2:B$1001,2,FALSE) -> 30 | C1004: =VLOOKUP(A1004,'conf-non-zai'!A$2:B$1001,2,FALSE) -> 30 | D1004: =VLOOKUP(A1004,'conf-non-zai'!A4:B1003,2,FALSE) -> 30
A1005: 2004 | B1005: =VLOOKUP(A1005,'conf-non-zai'!A$2:B$1001,2,FALSE) -> 8.2 | C1005: =VLOOKUP(A1005,'conf-non-zai'!A$2:B$1001,2,FALSE) -> 8.2 | D1005: =VLOOKUP(A1005,'conf-non-zai'!A5:B1004,2,FALSE) -> 8.2
A1006: 2005 | B1006: =VLOOKUP(A1006,'conf-non-zai'!A$2:B$1001,2,FALSE) -> 14.57 | C1006: =VLOOKUP(A1006,'conf-non-zai'!A$2:B$1001,2,FALSE) -> 14.57 | D1006: =VLOOKUP(A1006,'conf-non-zai'!A6:B1005,2,FALSE) -> 14.57
A1007: 2006 | B1007: =VLOOKUP(A1007,'conf-non-zai'!A$2:B$1001,2,FALSE) -> 41 | C1007: =VLOOKUP(A1007,'conf-non-zai'!A$2:B$1001,2,FALSE) -> 41 | D1007: =VLOOKUP(A1007,'conf-non-zai'!A7:B1006,2,FALSE) -> 41
A1008: 2007 | B1008: =VLOOKUP(A1008,'conf-non-zai'!A$2:B$1001,2,FALSE) -> 12.45 | C1008: =VLOOKUP(A1008,'conf-non-zai'!A$2:B$1001,2,FALSE) -> 12.45 | D1008: =VLOOKUP(A1008,'conf-non-zai'!A8:B1007,2,FALSE) -> 12.45
A1009: 2008 | B1009: =VLOOKUP(A1009,'conf-non-zai'!A$2:B$1001,2,FALSE) -> 22.52 | C1009: =VLOOKUP(A1009,'conf-non-zai'!A$2:B$1001,2,FALSE) -> 22.52 | D1009: =VLOOKUP(A1009,'conf-non-zai'!A9:B1008,2,FALSE) -> 22.52
A1010: 2009 | B1010: =VLOOKUP(A1010,'conf-non-zai'!A$2:B$1001,2,FALSE) -> 5.2 | C1010: =VLOOKUP(A1010,'conf-non-zai'!A$2:B$1001,2,FALSE) -> 5.2 | D1010: =VLOOKUP(A1010,'conf-non-zai'!A10:B1009,2,FALSE) -> 5.2
A1011: 2010 | B1011: =VLOOKUP(A1011,'conf-non-zai'!A$2:B$1001,2,FALSE) -> 20.32 | C1011: =VLOOKUP(A1011,'conf-non-zai'!A$2:B$1001,2,FALSE) -> 20.32 | D1011: =VLOOKUP(A1011,'conf-non-zai'!A11:B1010,2,FALSE) -> 20.32
A1012: 2011 | B1012: =VLOOKUP(A1012,'conf-non-zai'!A$2:B$1001,2,FALSE) -> 5.2 | C1012: =VLOOKUP(A1012,'conf-non-zai'!A$2:B$1001,2,FALSE) -> 5.2 | D1012: =VLOOKUP(A1012,'conf-non-zai'!A12:B1011,2,FALSE) -> 5.2
A1013: 2012 | B1013: =VLOOKUP(A1013,'conf-non-zai'!A$2:B$1001,2,FALSE) -> 42.4 | C1013: =VLOOKUP(A1013,'conf-non-zai'!A$2:B$1001,2,FALSE) -> 42.4 | D1013: =VLOOKUP(A1013,'conf-non-zai'!A13:B1012,2,FALSE) -> 42.4
... A2001: 3000 | B2001: =VLOOKUP(A2001,'conf-non-zai'!A$2:B$1001,2,FALSE) -> 10.7 | C2001: =VLOOKUP(A2001,'conf-non-zai'!A$2:B$1001,2,FALSE) -> 10.7 | D2001: =VLOOKUP(A2001,'conf-non-zai'!A1001:B2000,2,FALSE) -> 10.7

Sheet standard_deviation
A1: ID_Abstrak | B1: AI-Generate | C1: AI-Rewrite | D1: AI-Paraphrase
A2: 1 | B2: =VLOOKUP(A2,'sd-generate'!A$2:B$1001,2,FALSE) -> 1.92 | C2: =VLOOKUP(A2,'sd-rewrite'!A$2:B$1001,2,FALSE) -> 2.59 | D2: =VLOOKUP(A2,'sd-paraphrase'!A$2:B$1001,2,FALSE) -> 2.24
A3: 2 | B3: =VLOOKUP(A3,'sd-generate'!A$2:B$1001,2,FALSE) -> 2.65 | C3: =VLOOKUP(A3,'sd-rewrite'!A$2:B$1001,2,FALSE) -> 3.19 | D3: =VLOOKUP(A3,'sd-paraphrase'!A$2:B$1001,2,FALSE) -> 2.64
A4: 3 | B4: =VLOOKUP(A4,'sd-generate'!A$2:B$1001,2,FALSE) -> 1.58 | C4: =VLOOKUP(A4,'sd-rewrite'!A$2:B$1001,2,FALSE) -> 4.32 | D4: =VLOOKUP(A4,'sd-paraphrase'!A$2:B$1001,2,FALSE) -> 3.03
A5: 5 | B5: =VLOOKUP(A5,'sd-generate'!A$2:B$1001,2,FALSE) -> 1.92 | C5: =VLOOKUP(A5,'sd-rewrite'!A$2:B$1001,2,FALSE) -> 2.74 | D5: =VLOOKUP(A5,'sd-paraphrase'!A$2:B$1001,2,FALSE) -> 2.9
A6: 6 | B6: =VLOOKUP(A6,'sd-generate'!A$2:B$1001,2,FALSE) -> 0.65 | C6: =VLOOKUP(A6,'sd-rewrite'!A$2:B$1001,2,FALSE) -> 2.88 | D6: =VLOOKUP(A6,'sd-paraphrase'!A$2:B$1001,2,FALSE) -> 2.24
A7: 7 | B7: =VLOOKUP(A7,'sd-generate'!A$2:B$1001,2,FALSE) -> 2.24 | C7: =VLOOKUP(A7,'sd-rewrite'!A$2:B$1001,2,FALSE) -> 2.24 | D7: =VLOOKUP(A7,'sd-paraphrase'!A$2:B$1001,2,FALSE) -> 4.62
A8: 8 | B8: =VLOOKUP(A8,'sd-generate'!A$2:B$1001,2,FALSE) -> 2.24 | C8: =VLOOKUP(A8,'sd-rewrite'!A$2:B$1001,2,FALSE) -> 4.12 | D8: =VLOOKUP(A8,'sd-paraphrase'!A$2:B$1001,2,FALSE) -> 3.5
A9: 9 | B9: =VLOOKUP(A9,'sd-generate'!A$2:B$1001,2,FALSE) -> 2.69 | C9: =VLOOKUP(A9,'sd-rewrite'!A$2:B$1001,2,FALSE) -> 3.07 | D9: =VLOOKUP(A9,'sd-paraphrase'!A$2:B$1001,2,FALSE) -> 1.32
A10: 10 | B10: =VLOOKUP(A10,'sd-generate'!A$2:B$1001,2,FALSE) -> 0.96 | C10: =VLOOKUP(A10,'sd-rewrite'!A$2:B$1001,2,FALSE) -> 3.05 | D10: =VLOOKUP(A10,'sd-paraphrase'!A$2:B$1001,2,FALSE) -> 4.95
A11: 11 | B11: =VLOOKUP(A11,'sd-generate'!A$2:B$1001,2,FALSE) -> 2.39 | C11: =VLOOKUP(A11,'sd-rewrite'!A$2:B$1001,2,FALSE) -> 10.48 | D11: =VLOOKUP(A11,'sd-paraphrase'!A$2:B$1001,2,FALSE) -> 3.01
A12: 12 | B12: =VLOOKUP(A12,'sd-generate'!A$2:B$1001,2,FALSE) -> 1.68 | C12: =VLOOKUP(A12,'sd-rewrite'!A$2:B$1001,2,FALSE) -> 2.68 | D12: =VLOOKUP(A12,'sd-paraphrase'!A$2:B$1001,2,FALSE) -> 1.92
A13: 14 | B13: =VLOOKUP(A13,'sd-generate'!A$2:B$1001,2,FALSE) -> 2.24 | C13: =VLOOKUP(A13,'sd-rewrite'!A$2:B$1001,2,FALSE) -> 2.24 | D13: =VLOOKUP(A13,'sd-paraphrase'!A$2:B$1001,2,FALSE) -> 1.92
... A1001: 1152 | B1001: =VLOOKUP(A1001,'sd-generate'!A$2:B$1001,2,FALSE) -> 1.58 | C1001: =VLOOKUP(A1001,'sd-rewrite'!A$2:B$1001,2,FALSE) -> 3.05 | D1001: =VLOOKUP(A1001,'sd-paraphrase'!A$2:B$1001,2,FALSE) -> 2.37
A1002: 2001 | B1002: 2.08 | C1002: 2.08 | D1002: 2.08
A1003: 2002 | B1003: 1.58 | C1003: 1.58 | D1003: 1.58
A1004: 2003 | B1004: 3.81 | C1004: 3.81 | D1004: 3.81
A1005: 2004 | B1005: 1.92 | C1005: 1.92 | D1005: 1.92
A1006: 2005 | B1006: 3.07 | C1006: 3.07 | D1006: 3.07
A1007: 2006 | B1007: 9.62 | C1007: 9.62 | D1007: 9.62
A1008: 2007 | B1008: 1.39 | C1008: 1.39 | D1008: 1.39
A1009: 2008 | B1009: 1.82 | C1009: 1.82 | D1009: 1.82
A1010: 2009 | B1010: 2.39 | C1010: 2.39 | D1010: 2.39
A1011: 2010 | B1011: 2.42 | C1011: 2.42 | D1011: 2.42
A1012: 2011 | B1012: 1.92 | C1012: 1.92 | D1012: 1.92
A1013: 2012 | B1013: 14.01 | C1013: 14.01 | D1013: 14.01
... A2001: 3000 | B2001: 2.22 | C2001: 2.22 | D2001: 2.22

Sheet sd-generate
A1: ID_Abstrak | B1: AI_Generated
A2: 1 | B2: 1.92
A3: 2 | B3: 2.65
A4: 3 | B4: 1.58
A5: 5 | B5: 1.92
A6: 6 | B6: 0.65
A7: 7 | B7: 2.24
A8: 8 | B8: 2.24
A9: 9 | B9: 2.69
A10: 10 | B10: 0.96
A11: 11 | B11: 2.39
A12: 12 | B12: 1.68
A13: 14 | B13: 2.24
... A1001: 1152 | B1001: 1.58

Sheet sd-rewrite
A1: ID_Abstrak | B1: AI_Generated
A2: 1 | B2: 2.59
A3: 2 | B3: 3.19
A4: 3 | B4: 4.32
A5: 5 | B5: 2.74
A6: 6 | B6: 2.88
A7: 7 | B7: 2.24
A8: 8 | B8: 4.12
A9: 9 | B9: 3.07
A10: 10 | B10: 3.05
A11: 11 | B11: 10.48
A12: 12 | B12: 2.68
A13: 14 | B13: 2.24
... A1001: 1152 | B1001: 3.05

Sheet sd-paraphrase
A1: ID_Abstrak | B1: AI_Generated
A2: 1 | B2: 2.24
A3: 2 | B3: 2.64
A4: 3 | B4: 3.03
A5: 5 | B5: 2.9
A6: 6 | B6: 2.24
A7: 7 | B7: 4.62
A8: 8 | B8: 3.5
A9: 9 | B9: 1.32
A10: 10 | B10: 4.95
A11: 11 | B11: 3.01
A12: 12 | B12: 1.92
A13: 14 | B13: 1.92
... A1001: 1152 | B1001: 2.37

Sheet sd-non-zai
A1: ID_Abstrak | B1: AI_Generated
A2: 2001 | B2: 2.08 | C2: 1
A3: 2002 | B3: 1.58 | C3: 2
A4: 2003 | B4: 3.81 | C4: 3
A5: 2004 | B5: 1.92 | C5: 5
A6: 2005 | B6: 3.07 | C6: 6
A7: 2006 | B7: 9.62 | C7: 7
A8: 2007 | B8: 1.39 | C8: 8
A9: 2008 | B9: 1.82 | C9: 9
A10: 2009 | B10: 2.39 | C10: 10
A11: 2010 | B11: 2.42 | C11: 11
A12: 2011 | B12: 1.92 | C12: 12
A13: 2012 | B13: 14.01 | C13: 14
... A1001: 3000 | B1001: 2.22 | C1001: 1047

Sheet conf-generate
A1: ID_Abstrak | B1: AI_Generated
A2: 1 | B2: 91.8
A3: 2 | B3: 78.33
A4: 3 | B4: 92
A5: 5 | B5: 94.8
A6: 6 | B6: 95.7
A7: 7 | B7: 92
A8: 8 | B8: 92
A9: 9 | B9: 89.5
A10: 10 | B10: 97.9
A11: 11 | B11: 93.8
A12: 12 | B12: 97.2
A13: 14 | B13: 92
... A1001: 1152 | B1001: 96

Sheet conf-paraphrase
A1: ID_Abstrak | B1: AI_Paraphrase
A2: 1 | B2: 88
A3: 2 | B3: 30.43
A4: 3 | B4: 86.3
A5: 5 | B5: 14.19
A6: 6 | B6: 92
A7: 7 | B7: 54.4
A8: 8 | B8: 22.31
A9: 9 | B9: 12.9
A10: 10 | B10: 82
A11: 11 | B11: 22.66
A12: 12 | B12: 5.2
A13: 14 | B13: 87.8
... A1001: 1152 | B1001: 89.5

Sheet conf-rewrite
A1: ID_Abstrak | B1: AI_Rewrite
A2: 1 | B2: 91.8
A3: 2 | B3: 25.8
A4: 3 | B4: 62.3
A5: 5 | B5: 29
A6: 6 | B6: 81.4
A7: 7 | B7: 88
A8: 8 | B8: 85
A9: 9 | B9: 22.13
A10: 10 | B10: 86.4
A11: 11 | B11: 48.9
A12: 12 | B12: 27.9
A13: 14 | B13: 92
... A1001: 1152 | B1001: 86.4

Sheet conf-non-zai
A1: ID_Abstrak | B1: non-Z.AI
A2: 2001 | B2: 11.2 | C2: 1
A3: 2002 | B3: 6 | C3: 2
A4: 2003 | B4: 30 | C4: 3
A5: 2004 | B5: 8.2 | C5: 5
A6: 2005 | B6: 14.57 | C6: 6
A7: 2006 | B7: 41 | C7: 7
A8: 2007 | B8: 12.45 | C8: 8
A9: 2008 | B9: 22.52 | C9: 9
A10: 2009 | B10: 5.2 | C10: 10
A11: 2010 | B11: 20.32 | C11: 11
A12: 2011 | B12: 5.2 | C12: 12
A13: 2012 | B13: 42.4 | C13: 14
... A1001: 3000 | B1001: 10.7 | C1001: 1047
